Sequence,Count,Proteins
ATDVSVDSVDAAADAARSNRVTVFPIGIGDRYDAAQLRILAGPAGA,2168.0,{'von Willebrand factor'}
AYLNFFTKATPLSSTVTLSMSADVPLVVEYKIADMGHLKYYLAPKA,1476.0,{'Proliferating cell nuclear antigen'}
AQDVLKKSYSKAFTLTISALFVTPKTTGARVELSEQQLQLWPSDVA,1448.0,"{""2',3'-cyclic-nucleotide 3'-phosphodiesterase""}"
ATYPSPVHSGFPSPSVATTYSSVPPAFPAQVSSFPSSAVTNSFSAA,796.0,{'Early growth response protein 1'}
ADLLHSILRSPMSFFERTPSGNLVNRFSKELDTVDSMIPEVIKMFA,706.0,{'Multidrug resistance-associated protein 1'}
AKSEPLIGRKKTDELPQLVTLPHPNLHGPEILDVPSTVQKTPFVTA,672.0,{'Fibronectin'}
ATLHSSVNDKGLRVLEDNSALDKMLQNVQMPSKKLDFIILNETKFA,571.0,{'Dipeptidyl peptidase 4'}
AELVAHHLSTLQSSLPLNSVYVYRPLKHTLVTCDKGVFRLHPSSVA,489.0,{'Cyclin-I'}
ALFEYDLLPFLSSTISPYYRQSLFRTVLDSGISEVRSDRDKFVIFA,448.0,{'Alpha-crystallin A chain'}
AMMTAKAVDKIPVTLSGFVHQLSDNIYPVEDLAATSVTIFPNAELA,422.0,{'E3 SUMO-protein ligase EGR2'}
AFNLKEELERCKVQSSTLVSSLEAELSEVKIQTHIVQQENHLLKDA,389.0,{'Ninein'}
AVQHELEAQRSQLLQLRTQRPLERLEEKEVVEFYRDPQLEGSLSRA,355.0,{'Envoplakin'}
AANEIPVPETLDSGALHEKALQSNHFELSLRTEATQGLVLWSGKAA,315.0,Not found
ATVTGRTCQAWSSMTPHSHSRTPEYYPNAGLIMNYCRNPDAVAAPA,208.0,{'Apolipoprotein(a)'}
AKDDLHPSFPEVSFFHSEENKAPESEELEMEFEDMENVPLDRSSHA,202.0,{'Insulin receptor'}
ALMNKIREEYPDRIMNSFSVMPSPKVSDTVVEPYNAVLSIHQLIEA,151.0,{'Tubulin beta-1 chain'}
AHIQLALTLREELRSLEEFRERQKEQRKKYEAVMDRVQKSKLSLYA,143.0,{'Proline-serine-threonine phosphatase-interacting protein 1'}
ANSLDAGATSVDVKLENYGFDKIEVRDNGEGIKAVDAPVMAMKYYA,121.0,{'PMS1 protein homolog 1'}
ARVDHGAEIITQSPGRSSVASPRRLSNVSSSGSINLLESPQLATLA,115.0,{'Microtubule-associated protein 2'}
AHESDTLTIDVSAISNLIRKHVSEARLVEDIGHELTYVLPYEAAKA,107.0,{'Phospholipid-transporting ATPase ABCA1'}
AESTRQIIQKVNESVVSIAAQQKFVLVQENRPTLTDIVELRNHIVA,107.0,{'Multimerin-1'}
AKFLEESVSMSPEERARYLENYDAIRVTHETSAHEGQTEAPSIDEA,102.0,{'Ubiquitin carboxyl-terminal hydrolase isozyme L3'}
ATTPLSSTVTLSMSADVPLVVEYKIADMGHLKYYLAPKIEDEEGSA,91.0,Not found
ANLKQRGYFFLDERLYCESHAKARVKPPEGYDVVAVYPNAKVELVA,91.0,Not found
AIQQPSQNLEYPLNPQPYLGLETMPGGNNALGQNYADINDQMLNSA,82.0,{'Ubiquilin-like protein'}
AMQNPESLSILTNPRAMQALLQIQQGLQTLQTEAPGLVPSLGSFGA,80.0,{'Ubiquilin-4'}
ATSTQEVKIEAIPKPAMYNQLCYKKEGGPDHNYTKEKIKIVEGICA,77.0,{'Low-density lipoprotein receptor-related protein 4'}
AATPLSSTVTLSMSADVPLVVEYKIADMGHLKYYLAPKIEDEEGSA,71.0,Not found
AYKEHLNSMVVERQQLLQDLEDLRNVSETQQSLLSDQILELKSSHA,68.0,{'Ninein'}
ACQAWSSMTPHSHSRTPEYYPNAGLIMNYCRNPDAVAAPYCYTRDA,67.0,{'Apolipoprotein(a)'}
ALTQMFQRFYPGQAPSLAENFAEHVLRATNQISPAQVQGYFMLYKA,63.0,{'Mitochondrial chaperone BCS1'}
AYIKKFPLLENTFKADSSSAWSAVKVLYQPCIKSRNEKLVSLWESA,62.0,{'E3 ubiquitin-protein ligase E3D'}
AQNGGTCINGRTSFTCACRHPFTGDNCTIKLVEENALAPDFSKGSA,62.0,{'Multimerin-1'}
AMKEIESIVKAKQKEFTDNVSSAFEQDDFEEAKEILTKMRYFSNIA,60.0,{'Iron-sulfur cluster co-chaperone protein HscB'}
AKMEGQNSQSPQCFKTCSEQNGYVLTLSNAQPVLQYGNPYASQETA,60.0,{'Tax1-binding protein 1'}
ATDPSVRWEYCNLTRCSDAEWTAFVPPNVILAPSLEAFFEQALTEA,59.0,{'Apolipoprotein(a)'}
ASLNENITVPDTKVNFYAWKRMEVGQQAVEVWQGLALLSEAVLRGA,58.0,{'Erythropoietin'}
AEFLEPAANETVRHGCLRLNQPTHVNNGNYTLLAANPFGQASASIA,56.0,{'High affinity nerve growth factor receptor'}
AHYNKRSTITSREIQTAVRLLLPGELAKHAVSEGTKAVTKYTSSKA,53.0,Not found
ALNTLETEEWFFKDITRKDAERQLLAPGNSAGAFLIRESETLKGSA,50.0,{'Tyrosine-protein kinase Lyn'}
AKSINPDEAVAYGAAVQAAILMGDKSENVQDLLLLDVAPLSLGLEA,50.0,"{'Heat shock 70 kDa protein 1B', 'Heat shock 70 kDa protein 1A'}"
ATSTQEVKIEAIPQPAMYNQLCYKKEGGPDHNYTKEKIKIVEGICA,49.0,Not found
ARGIECDIRIQLPVVSKQHCKIEIHEQEAILHNFSSTNPTQVNGSA,47.0,{'Proliferation marker protein Ki-67'}
AHYNKRSTITSREIQTAVRLLLPGELAKHAVSEGTKAVTKYTSAKA,47.0,Not found
AINSITDIYETEEEGWKSDTSLYENDTDEPREEEVEDLISWTNTLA,44.0,{'Ubiquitin-conjugating enzyme E2 U'}
AMSYAEKPDEITKDEWMEKLNNLHVQRADMNRLIMNYLVTEGFKEA,44.0,{'Glucose-induced degradation protein 8 homolog'}
AAKAALDLERQIQDADRVIRGFEATLVQEAPIPAEPGALQERVSEA,39.0,{'Envoplakin'}
AEDSTVLKSLHLPKNNSLYVLTPDLPPPSSSSHAGALQESLNQNFA,39.0,{'FAS-associated factor 1'}
ASMDKAANFSFRNTLEGFASPLTGIADASQSSMHNALHIYMNGTMA,37.0,{'Tyrosinase'}
ASNYTDWFEVYNATRVPDSCCLEFSESCGLHAPGTWWKAPCYETVA,36.0,{'Tetraspanin-4'}
AKDVLFLKDCVGPEVEKACANPAAGSVILLENLRFHVEEEGKGTDA,36.0,Not found
ADLRNLKLKLHTFESHKDEIFQVHWSPHNETILASSGTDRRLNVWA,35.0,{'Histone-binding protein RBBP7'}
ATLSRIYVENDFSWDKRYCEAGFSSVVTQAGELVLGAPGGYYFLGA,35.0,{'Integrin alpha-IIb'}
ASLDEEIILKAPIAAPEPELKTDPSLDLHSLSSAETQPAQEELREA,34.0,{'Protein 4.1'}
AKDVLFLKDCVGPEVEKACANPAAGSVILLENLRFHVEEEGKGKDA,34.0,{'Phosphoglycerate kinase 1'}
AFIELPYHGESISMLIALPTESSTPLSAIIPHISTKTIDSWMSIMA,33.0,{'Glia-derived nexin'}
AVIGMDVAASEFFRSGKYDLDFKSPDDPSRYISPDQLADLYKSFIA,33.0,{'Alpha-enolase'}
ALQPDNRSCKAKNEPVDRPPVLLIANSQNILATYLSGAQVSTITPA,32.0,{'Prolow-density lipoprotein receptor-related protein 1'}
AREHNRLATELKSLNPRWDGERLYQEARKIVGAMVQIITYRDYLPA,32.0,{'Myeloperoxidase'}
ADIQIEQLNRTKKHAHLTDTEIMTLVDETNMYEGVGRMFILQSKEA,32.0,{'Prefoldin subunit 1'}
AMKLYSLSVLYKGEAKVVLLKAAYDVSSFSFFQRSSVQEFMTFTSA,31.0,{'Synaptobrevin homolog YKT6'}
ARSSSGYFSFDTDRSPAPMSCDKSTQTPSPPCQAFNHYLSAMASMA,29.0,{'Bcl-2-like protein 11'}
AEDGNSQKTMPSASVPPNKIQSLQILPTTRVMSAEIATTPEARTSA,29.0,{'Multimerin-1'}
AESAVTGYRVDVIPVNLPGEHGQRLPISRNTFAEVTGLSPGVTYYA,28.0,{'Fibronectin'}
ATSTSTVPLAHHHHHHHHHQALEPGDLLDHISSPSLALMAGAGGAA,28.0,"{'POU domain, class 4, transcription factor 1'}"
ASQDDSDSDMTFSVNQSSSASESSLVTAPSSPLSPPVSPVFSPPEA,27.0,{'E3 ubiquitin-protein ligase NEURL1B'}
AFGNDTITCTTHGNWTKLPECREVKCPFPSRPDNGFVNYPAKPTLA,26.0,{'Beta-2-glycoprotein 1'}
ALQAKLDNLQQEIDFLTALYQAELSQMQTQISETNVILSMDNNRSA,26.0,"{'Keratin, type II cytoskeletal 1'}"
ASIEVPIPRDGEYVVEVRAHSDGGDGVVSQVKISGAPTLSPSLLGA,25.0,{'Contactin-1'}
AWCSIVYYELNNRVGEAFHASSTSVLVDGFTDPSNNKNRFCLGLLA,23.0,{'Mothers against decapentaplegic homolog 1'}
AMTLHNNSTTSPLFPNISSSWIHSPSDAGLPPGTVTHFGSYNVSRA,23.0,{'Muscarinic acetylcholine receptor M3'}
AMRTPEYYPNAGLIMNYCRNPDAVAAPYCYTRDPGVRWEA,23.0,Not found
ANYTKEKIKIVEGICLLSGDDAEWDDLKQLRSSRGGLLRDHVCMKA,22.0,{'Low-density lipoprotein receptor-related protein 4'}
AYKEHLNSMVVERQQLLQDLEDLRNVSETQQSLLSDQILELKSSHA,21.0,{'Ninein'}
AEGANASYILIRDTHSLRTTAFHGQQVLYWESESSQAEMEFSEGFA,21.0,{'A disintegrin and metalloproteinase with thrombospondin motifs 13'}
ALTTGCSGLLPENYITKADECSTWIFHGSYSILNTSSSNSLTFGDA,20.0,{'Ubiquitin-associated and SH3 domain-containing protein B'}
AIEDLSEDLEWKIIYVGSAESEEYDQVLDSVLVGPVPAGRHMFVFA,19.0,{'Histone chaperone ASF1A'}
AYSADYYKANENDAIPIRWMPPESIFYNRYTTESDVWAYGVVLWEA,18.0,"{'Muscle, skeletal receptor tyrosine-protein kinase'}"
AADVAASEFFRSGKYDLDFKSPDDPSRYISPDQLADLYKSFIKDYA,18.0,Not found
ATTNTTTTITSGFTVNQNQLLSRGFENLVPYTSTVSVVATPVMTYA,18.0,{'Nucleoporin-62 C-terminal-like protein'}
ALYDLDKDEKISRDELLQVLRMMVGVNISDEQLGSIADRTIQEADA,17.0,{'Calcineurin B homologous protein 1'}
AEQQEWKIPPCISNWKNAKGYTIPLDKRLAADGRGLQTVHINENFA,17.0,{'SNW domain-containing protein 1'}
AKGLHLYGTQGNVGLTNAWSIIQTDFRCCGVSNYTDWFEVYNATRA,17.0,{'Tetraspanin-4'}
AWKLKTQFNNNEYSQDLDAYNTKDKIGVELTGRTLADLTLLDSPIA,16.0,{'Apolipoprotein B-100'}
ALRGFDPFMNLVIDECVEMATSGQQNNIGMVVIRGNSIIMLEALEA,16.0,{'Small nuclear ribonucleoprotein G'}
AANALSYCHSKRVIHRDIKPENLLLGSAGELKIADFGWSVHAPSSA,16.0,{'Aurora kinase A'}
AKPTVSSSMEFKYDFNSSMLYSTAKGAVDHKLSLESLTSYFSIESA,16.0,{'Apolipoprotein B-100'}
AYYGLHRFIVDLTVQEKEKYLNVSRWFCHIQHYPGIRQHLSSVVFA,15.0,{'Eukaryotic translation elongation factor 1 epsilon-1'}
ALAATSVTIFPNAELGGPFDQMNGVAGDGMINIDMTGEKRSLDLPA,15.0,{'E3 SUMO-protein ligase EGR2'}
AEGEHQLWKEQNLELRNLTVELEQKIQVLQSKNASLQDTLEVLQSA,15.0,{'Centromere protein F'}
AEEKIEFEWNTGTNVDTKKMTSNFPVDLSDYPKSLHMYANRLLDHA,14.0,{'Apolipoprotein B-100'}
ATDVSVDSVDAAADAARSNRVTVFPIDIDDRYDAAQLRILAGPAGA,14.0,Not found
AMTPHSHSRTPEYYPNAGLIMNYCRNPDAVAAPYCYTRDPGVRWEA,13.0,{'Apolipoprotein(a)'}
AYKGEWKPRQIDNPDYKGTWIHPEIDNPEYSPDPSIYAYDNFGVLA,12.0,{'Calreticulin'}
ARGLLPESLDYWTYPGSLTTPPLLECVTWIVLKEPISVSSEQVLKA,12.0,{'Carbonic anhydrase 2'}
AHESDTLTIDVSAISNLIRKHVSEARLVEDIGHELTYVLPYEAAKA,12.0,{'Phospholipid-transporting ATPase ABCA1'}
AQLKVQVADRRVISTTDAERQAVTPPGLQEAINDLVKKYKLSRAFA,12.0,{'Phosphoacetylglucosamine mutase'}
ANQKSFYHVSYGPLHEGCMDQSVSLSISETSKTSKLTFKESMVVVA,12.0,{'Interleukin-1 alpha'}
ALQTYVDSLKAENLVLSTNLRNFQGDLVKEMQLGLEEGLVPSLSSA,11.0,{'Centromere protein F'}
AEVANTDGSMRTVLIWENLDRPRDIVVEPMGGYMYWTDWGASPKIA,11.0,{'Low-density lipoprotein receptor-related protein 4'}
AKLIVCGMTSNGFTIADPDDRGMLDMCGFDTGALDVIRNFTLDMIA,10.0,Not found
AKVEILQHVIDYIRDLQLELNSESEVGTPGGRGLPVRAPLSTLNGA,10.0,{'DNA-binding protein inhibitor ID-1'}
AFPVPKPMVTHGLSHPVALTFTKENSLLVLDTASHSIKVYKVDWGA,9.0,Not found
AFEITVPESQLTVSQFTLPKSVSDGIAALDLNAVANKIADFELPTA,9.0,{'Apolipoprotein B-100'}
AAQMMVNVPLFAGNPQLQEQLRLQLPVFLQQMQNPESLSILTNPRA,9.0,{'Ubiquilin-4'}
ADYRSLGFRECLAEVARYLSIIEGLDASDPLRVRLVSHLNNYASQA,9.0,{'Hairy/enhancer-of-split related with YRPW motif protein 1'}
AIQNLVKVYRDGMKVAVDGLALNFYEGQITSFLGHNGAGKTTTMSA,9.0,{'Phospholipid-transporting ATPase ABCA1'}
AMMTAKAVDKIPVTLSGFVHQLSDNIYPVEDLAATSVTIFPNAELA,9.0,{'E3 SUMO-protein ligase EGR2'}
AACVQCKDKEATKLTEERDGSLNQSSGYRYGTDPTPQHYPSFGVA,9.0,Not found
AFPESHLRTPQMPPTTPSSSFFTKKSEDTISKMNDFMRMQILKEGA,8.0,{'Gamma-interferon-inducible protein 16'}
ARQATKDAGTIAGLNVMRIINEPTAAAIAYGLDKREGEKNILVFDA,8.0,{'Endoplasmic reticulum chaperone BiP'}
AQPEQKAATEVSKELSESQVHMMAAAVADGTRAATIIEERSPSWIA,8.0,{'A-kinase anchor protein 12'}
AVNSIEFFPFSNTLLTSSADKTLSIWDARTGICEQSLYGHMHSINA,8.0,{'Sperm-associated antigen 16 protein'}
ADYRSLGFRECWPEVARYLSIIEGLDASDPLRVRLVSHLNNYASQA,8.0,Not found
ANSKTEILINISQELQDSRQLENKDVSSDWQGQICSSTDSDQCYLA,8.0,{'Peroxisome proliferator-activated receptor gamma coactivator 1-alpha'}
AKSTGSSTWPLDPGVEVTLTMKVASGSTGDQKVQISYYGPKTPPVA,8.0,{'Protein-arginine deiminase type-4'}
ALQAKLDNLQEIDFLTALYQAELSQMQTQISETNVILSMDNNRSA,8.0,Not found
AEGEHQLWKEQNLQKIQVLQSKNASLQDTLEVLQSA,8.0,Not found
ACFIHREALVSKEISPSLMDVAENAVKTVNFIKGSSLNSRLLEIFA,7.0,Not found
AHAQTFLALCATDYTFAMYPPSMIATGSIGAAVQGLGACSMSGDEA,7.0,{'G1/S-specific cyclin-D3'}
AAALLKANKDLISAGLKEFSVLLNQQVFNDPLVSEEDMVTVVEDWA,7.0,Not found
AEQHLNNLMAQLDPLFERVTTLAGAQQELLNMKLWTIHELLQDSKA,7.0,{'Coiled-coil domain-containing protein 107'}
AMMDLELPPPGLPSQQDMDLIDILWRQDIDLGVSREVFDFSQRRKA,7.0,{'Nuclear factor erythroid 2-related factor 2'}
ASPMSSGVQSGTPITNDLFSQALQHALQASGQPSLQSQWQPQLQQA,7.0,{'Ubiquitin-like protein 7'}
ALTTGCSGLLPENYKADECSTWIFHGSYSILNTSSSNSLTFGDA,7.0,Not found
ALECRVKHDPSLKLTVSWLKDDEPLYIGNRMKKEDDSLTIFGVAEA,6.0,{'Neurofascin'}
ALEHVEVLQKKFEEFQTDMAAHEERVNEVNQFAAKLIQEQHPEEEA,6.0,"{'Spectrin alpha chain, non-erythrocytic 1'}"
AHVVRYYSSWAEDDHMIIQNEYCNGGSLQAAISENTKSGNHFEEPA,6.0,{'Wee1-like protein kinase 2'}
AQATKAQQYVDSYVQESDLSEVTLPPEIQYFTYARDKWLPSDPQIA,6.0,{'Short transient receptor potential channel 3'}
AVFDLYQRWEAQNKGQDLTPAKLLVKIMSYREAASGNFSLFIQSLA,6.0,Not found
AEDYVYWTDWETKSINRAHKTTGTNKTLLISTLHRPMDLHVFHALA,6.0,{'Prolow-density lipoprotein receptor-related protein 1'}
AEEHKFRNFFNAFYSVVELVEKDGSVSSLLKVFNDQSASDHIVQFA,6.0,{'Ubiquitin thioesterase OTUB2'}
ATHYSDNNSPASNIVTEHKNNLASGMRVPKSLPYVLPWKNNGNAQA,6.0,Not found
ASHCDMINGTDAASFPPFVEKSQVLQFFSSDICRSIYAVFESDVNA,6.0,{'Platelet glycoprotein 4'}
ASKTEIQLVQSLGVPPERIIYANPYKQVSQIKYAANNGVQMMTFDA,6.0,Not found
ANLLKANVINKQEHDIIKQKTQIPLQARELIDTILVKGNAAANIFA,6.0,{'Baculoviral IAP repeat-containing protein 2'}
ANKIQILASEVEEEEERVKQMHQINSFGVLSLPELSQKTLKAPTLA,6.0,Not found
ANLKQRGYFFLDERLYCESHAKARVTPEGYDVVAVYPNAKVELVA,6.0,Not found
ADIQIEQLNAHLTDTEIMTLVDETNMYEGVGRMFILQSKEA,6.0,Not found
AKSINPDEAVAYGAAVQAAKSENVQDLLLLDVAPLSLGLEA,6.0,Not found
AAPYCYTRDA,6.0,Not found
AHVPLTDNHKKKPTRTFMIQIAVLANHQNGRDTHMRQIKIYTPVEEA,5.0,Not found
ACPIYLVNVSSISAGDVIAAAKMQGKVVLAETTTAHATLTGLHYYA,5.0,{'Dihydropyrimidinase-related protein 5'}
ALKIPLERPLGEVYLDSSKPAVYNYPEGAAYEFNAAAAANAQVYGA,5.0,{'Estrogen receptor'}
ARIQLVEEELDRAQERLATALQKLEEAEKAADESERGMKVIESRAA,5.0,{'Tropomyosin alpha-1 chain'}
ADGTMNKPTVGSFGFEINLQENQNALKFLASLLELPEFLLFLQHAA,5.0,{'Thyroglobulin'}
AEDDFESCLRNMKSQYEVFRSSRLSSDATVLTPNTESSCDLMTKTA,5.0,{'AP-1 complex-associated regulatory protein'}
AIEQLQEKYKTELCTKQALLAELEEQKIVQAKLKQTLTFFDALHNA,5.0,Not found
AMMFSGFNADYEASSSRCSSASPAGDSLSYYHSPADSFSSMGSPVA,5.0,{'Protein c-Fos'}
ATFLPEVAKKFPNMKIQIHVSASTPPHLSVQPTGLTFYPAVDVQAA,5.0,{'Bactericidal permeability-increasing protein'}
ATPSFWILARALKEFVAKEGQGNLPVRGTIPDMIADSGKYIKLQNA,5.0,{'NEDD8-activating enzyme E1 regulatory subunit'}
AKAQNSELASTANMLREQVAQLKQKVMNHVNSGCQLMLTQQLQTFA,5.0,Not found
AKDMQGTEEEKAPLALFGHTLVASLEDMKQKTEPSLVVPGIDLPKA,5.0,{'Microtubule-associated protein 2'}
ARGTYSTTVTGRTCQAWSSMTPHSHSRTPEYYPNAGLIMNYCRNPA,4.0,{'Apolipoprotein(a)'}
AHKLTFRENAKAKTDHGAEIVYKSPVVSGDTSPRHLSNVSSTGSIA,4.0,{'Microtubule-associated protein tau'}
AVASSSLDKTSKIWDVNSERCRCTLYGHTDSVNSIEFFPFSNTLLA,4.0,{'Sperm-associated antigen 16 protein'}
AVEKNAGDVDTLAFDGRTFVEYLNAVTESELANEIPVPETLDSGAA,4.0,Not found
AALTEDRLPRLEEIRIWGPLQEDADIQVYRRYGEEYGNLTRPDITA,4.0,{'A disintegrin and metalloproteinase with thrombospondin motifs 13'}
AAAAPLSVEVEFGGGAELLFDGIKKHRVTLPGQEEPWDIRNLLIWA,4.0,Not found
AADDLRAQILGGANTPYEKGVFKLEVIIPERYPFEPPQIRFLTPIA,4.0,Not found
AEEAEEEQRILQQSVVKTYEDMTLEELEDHEDEFNEEDERAIEMYA,4.0,{'Phosducin-like protein 3'}
ATTNTTTTITSGFTVNQNQAVEPRFENLVPYTSTVSVVATPVMTYA,4.0,Not found
ATSLSRDCNTCICRNSQWICSNEECPGECLVTGQSHFKSFDNRYFA,4.0,{'von Willebrand factor'}
ASLKPSTQSSASELNGHHTLGLSALNLDSGTEMPALTSSQMPSLSA,4.0,{'Ubiquitin-associated protein 1'}
AQLPDQISFFSGNPSVEIVHGIMHLYKTNMTSLKEDVRRSAMLCA,4.0,Not found
AIPGIPEPCCVPDKMNSLGVLKVYPNMSVDTCACRA,4.0,Not found
AFVHRDLATRNCLVGENMVVKIADFGLSRNIYSADYYKANENDAIA,3.0,"{'Muscle, skeletal receptor tyrosine-protein kinase'}"
AFGEPWKLITKDLVQEKYLEYKQVPSSDPPRFQFLWGPRAYAETSA,3.0,{'Melanoma-associated antigen B2'}
ACTDQGIWSQLDHYCKEVNCSFPLFMNGISKELEMKKVYHYGDYVA,3.0,{'Complement receptor type 1'}
ALPPEWMDVEKLEKMRDHERKEETFTPMPSPYYMELTKLLLNHASA,3.0,{'DNA replication complex GINS protein PSF2'}
ALTNVEWEDRSGGNFCRSCPSKLHNYSTTVTGQNSGRQACIRCEAA,3.0,"{'Glutamate receptor ionotropic, NMDA 2B'}"
AHTAEVNCLSFNPYSEFILATGSADKTVALWDLRNLKLKLHTFESA,3.0,{'Histone-binding protein RBBP7'}
AQLRAGVEEQEGLLSFQEDRSKKLAVERELRQLTLRIQELEKRPPA,3.0,{'Envoplakin'}
AQKDKKADKSVVASSATSSLSSYPSPVATSYPSPVTTIYPSPATTA,3.0,Not found
AVVTCGYTIPTCRKLDELGSKGLWADCVMATGLYHCKPLVDILILA,3.0,{'Claudin-11'}
AVARSMGGKEDLIWELLNQAQEHFGKDKSKEFQLFSSPHGKYLLFA,3.0,Not found
AAAAPLSVEVEFGGGAELLFDGIKKHRVTLPGQEEPWDIRNLLLWA,3.0,Not found
ADYNLSQVCDGKVSVHVIEGDHRTLLEGSGLESIISIIHSSLAEPA,3.0,{'Fatty acid synthase'}
ADGAISMNFLDSYFSQKAFACAEEDDGQEANDCLLIYDNEGADATA,3.0,{'Desmoglein-3'}
ADIMRLREKLQEEMLQREEAENTLQSFRQDVDNASLARLDLERKVA,3.0,{'Vimentin'}
AIPGIPEPCCVPDKMNSLGVLFLDENRNVVLKVYPNMSVDTCACRA,3.0,Not found
AIMDSDPRRCMRHHYVDSISHPLYKCSSKMVLLARCEGHCSQASRA,3.0,{'Norrin'}
AIQQPSQNLEYPLNPQPYLGLETMPGGNNARQNYADINDQMLNSA,3.0,Not found
ATSTSTVPLAHHHHHHHQALEPGDLLDHISSPSLALMAGAGGAA,3.0,Not found
AFDELFFYNVNMTPSELMDEIISIRVYNSHSLRADCLMGEFKIDVA,2.0,{'Myoferlin'}
AYQRLGLDYEERVLPSIVNEVLKSVVAKFNASQLITQRAQVSLLIA,2.0,{'Prohibitin-2'}
AYGEFYKSLTNDWEDHLAVKHFSVEGQLEFRALLFIPRRAPFDLFA,2.0,{'Heat shock protein HSP 90-beta'}
ALPPEWMDVEKLEKMRDHEHKEETFTPMPSPYYMELTKLLLNHASA,2.0,Not found
ARYETQLELNDELEKQIVYLKEKVEKIHGNSSDRLSSIRVYERMPA,2.0,{'Coiled-coil domain-containing protein 169'}
AQLPDQISFFSGNPSVEIVHGIMHLYKTNKMTSLKEDVRRSAMLCA,2.0,{'BRCA1-associated protein'}
AQADINKIVQILPWEQNEQVKNFVASHIANILNSEELDTQDLKKLA,2.0,Not found
AVNGTMVAVEGETVSILCSTQSNPDPILTIFKEKQILSTVIYESEA,2.0,{'Myelin-associated glycoprotein'}
AAADQLTEEQIAEFKEAFSLFDKDGDGTITTKELGTVMRSLGQNPA,2.0,Not found
AAESGRYYCLNVPLRDGIDDQSYKHLFQPVINQVVDFYQPTCIVLA,2.0,{'Histone deacetylase 3'}
AGSADTVRDPRGFAVKFYTEDGNWDLVGNNTPIFFIRDPILFPSFA,2.0,{'Catalase'}
AEDKENYKKFYEAFSKNLKLGIHEDSTNRRRLSELLRYHTSQSGDA,2.0,{'Heat shock protein HSP 90-beta'}
AMTPHSHSRTPEYYPNAGLIMNYCRNPDPVAAPYCYTRDPSVRWEA,2.0,{'Apolipoprotein(a)'}
AMSEPIDEYCVQQLKEFDGKSLLSVTKEGLELPEDEEEKKIMEESA,2.0,{'Putative heat shock protein HSP 90-beta 4'}
AMSTVHEILCKLSLEGDHSTPPSAYGSVKAYTNFDAERDALNIETA,2.0,"{'Putative annexin A2-like protein', 'Annexin A2'}"
ATLSRIYVENDFSWVKRYCEAGFSSVVTQAGELVLGAPGGYYFLGA,2.0,Not found
ATNQPEIAEALLGAGCDPELHDFRGNTPLHLACEQGCLASVGVLTA,2.0,Not found
ASSVPPAFPAQVSSFPSSAVTNSFSASTGLSDMTATFSPRTIEICA,2.0,Not found
ASLKNKADYVETVLDSTCSSTVQFLEYELNVLGTHKIEDGTLASKA,2.0,{'Apolipoprotein B-100'}
ANGAISMNFLDSYFSQKAFACAEEDDGQEANDCLLIYDNEGADATA,2.0,Not found
AKLIVCGMTSNGFTIADPDDRGMLDMCGFDTGALDVIRNFTLDMIA,2.0,Not found
AKAQNSELASTANMLREQVAQLKQKVMNHVNSGCQLMLTQQLQTFA,2.0,Not found
AKNSQKINKNVNYITSWLSIVGPVVGLNLPLSHAKATSQDERNVPA,2.0,Not found
AIEDLSEDLEWKIIYVGSAESEEYDQVLDSVLVGPVPGRHMFVFA,2.0,Not found
AFEYLDAVTYSCDPAPGPDPFSLIGESTIYCGDNSVWSRAAPECKA,1.0,{'Membrane cofactor protein'}
AYTIQSELGDYDPELHGVDYVSDFKLAPNQTKELEEKVMELHKSYA,1.0,{'Protein 4.1'}
ALWPEQLPGVAEFAASFKSPITSSPPKWMAEIERDDIDMLKELGSA,1.0,{'Protein lin-52 homolog'}
ALNKLIRSNLVDNTNQVEVLQRDPNSPLYSVKSFEELRLKPQLLQA,1.0,"{'ATP-dependent RNA helicase DDX19A', 'ATP-dependent RNA helicase DDX19B'}"
ARIEVEQALTHPYLEQYYDPSDEPIAEAPFKFDMELDDLPKEKLKA,1.0,Not found
AQVNADCDACMCQDFMLHGAVSLPVGAPASGAAIYLLTKTPKLLTT,1.0,Not found
AQKELAEITLDPPPNCSAGPKGDNIYEWRSTILGPPGSVYEGGVFA,1.0,"{'Ubiquitin-conjugating enzyme E2 E2', 'Ubiquitin-conjugating enzyme E2 E3'}"
AVTDCSGNFCLFRSETKDLLFRDDTVCLAKLHDRNTYEKYLGEEYA,1.0,{'Serotransferrin'}
AAALLKVNKDLISAGLKEFSVLLNQQVFNDPLVSEEDMVTVVEDWA,1.0,Not found
AAADQLTEEQIAEFKEAFSLFDKDGDGTITTKELGTVMRSLGQNPA,1.0,Not found
AAAEAAPARDPETDKHTEDQSPSTPLPQPAAEKNSYLYSTEITLWA,1.0,Not found
AADVTSQARGVGLEMYPGTAQPAAPNTTSPELNLSHPLLGTALANA,1.0,Not found
AEDGSVIDYELIDQDARDLYDAGVKRKGTDVPKWISIMTERSVPHA,1.0,{'Annexin A2'}
AIPFSVDGQPAPSLRWLFNGSVLNETSFIFTEFLEPAANETVRHGA,1.0,{'High affinity nerve growth factor receptor'}
AIPLYYPNAGLTRNYCRNPDAEIRPWCYTMDPSVRWEYCNLTRCPA,1.0,{'Apolipoprotein(a)'}
AIDTLRQKAETDKNDKSVKDLVILLYETALLSSDFGLEGPQTHANA,1.0,{'Putative heat shock protein HSP 90-alpha A4'}
AITKHNNDEQYAWESSLRGSFTEYREFYKSLTINWEDYLAVKHFSA,1.0,{'Putative heat shock protein HSP 90-alpha A4'}
AMFKKFDEKENVSNCIQLKTSVIKGIKNQLIEQFPGIEPWLNQIMA,1.0,{'Malignant T-cell-amplified sequence 1'}
AMMDLELPPPGLPSQQDMDLIDILWRQDIDLGVSREVFNFSQRRKA,1.0,Not found
AMSIEKIWAREILDSRGNPTVEVDLYTAKGLFRAAVPSGASTGIYA,1.0,{'Gamma-enolase'}
AIMTAKAVDKIPVTLSGFVHQLSDNIYPVEDLAATSVTIFPNAELA,1.0,Not found
ATTCEAFQLQEFDRLTILRNALWVHSNQLSMQCVKDDELYEEVRLA,1.0,{'Proline-serine-threonine phosphatase-interacting protein 1'}
ASYKYTSRYVLKAGQTVTIWAANAGVTASPPTDLIWKNQNSWGTGA,1.0,{'Lamin-B1'}
ASLKPSTQSSASELNGHHTLGLSVLNLDSGTEMPALTSSQMPSLSA,1.0,Not found
ANFFSGPIVVHCSAGVGRTGTYIGIDAMLEGLEAENKVDVYGYAVA,1.0,Not found
ANRTTENYPNAGLIMNYCRNPDAVAAPYCYTRDPGVRWEYCNLTQA,1.0,{'Apolipoprotein(a)'}
ANQNLVYESGSLNFSKLEIQSQVDSQHVGHSVLTAKGMALFGEGKA,1.0,{'Apolipoprotein B-100'}
ANMDLFRSTMKPVQKVLEDSDLKKSDIDVIVLVGGSTRIPKIQQLA,1.0,Not found
AKRSMKTFTELSNENSALHEVYAHAVLGHHPHVVRYYSSWAEDDHA,1.0,{'Wee1-like protein kinase 2'}
AKDVLFLKDCVGPEVEKACANPAAGSVILLENLRFHVEEEGKGADA,1.0,Not found
AKETLEELKAFYELICKIKGNNLHKFPIVLVGNKSDDTHREVALNA,1.0,{'GTP-binding protein Di-Ras3'}
AKSINPDEAVAYGAAVQAAILMGDKSENVQDLLLLDVAPLSLGLEA,1.0,"{'Heat shock 70 kDa protein 1B', 'Heat shock 70 kDa protein 1A'}"
AVDYLEKRILWIDARSDAIYSARYDGSGHMEVLRGHEFLSHPFAA,1.0,{'Prolow-density lipoprotein receptor-related protein 1'}
AEVQANSGAIVKLDETGNLMISEGHFASETIRTRLMELHRQWELA,1.0,"{'Spectrin alpha chain, non-erythrocytic 1'}"
ANISTATAAQTDLNFINDEGDTFPLRTYGMFSVDFRDVTSEPLNA,1.0,Not found
AKDPANFQYPAESVLAYEGHLSPDIVAEQKKLEAADLVIFQFPLA,1.0,Not found
ATVTGRTCQAWSSMTPHSHSRTPYPNAGLIMNYCRNPDAVAAPA,1.0,Not found
ATYMGKFSIDPQYPYPEGIINIVSAGILQGVTSPASTTASSA,1.0,Not found
ASMA,1.0,Not found
