Peptide,Core
MDSGDGVTHTVPIYEGYALPHAILRL,VPIYEGYAL
WDDMEKIWHHTFYNEL,MEKIWHHTF
TVPIYEGYALPHAILRL,YEGYALPHA
WDDMEKIWHHTFYN,MEKIWHHTF
YNELRVAPEEHPVLLT,VAPEEHPVL
NELRVAPEEHPVLLT,VAPEEHPVL
SSLEKSYELPDGQVIT,EKSYELPDG
NWDDMEKIWHHTFYNEL,MEKIWHHTF
ELRVAPEEHPVLLT,VAPEEHPVL
WHHTFYNELRVAPEEHPVL,HTFYNELRV
ASSSSLEKSYELPDGQVIT,EKSYELPDG
THSSTFDAGAGIALNDHFVKL,FDAGAGIAL
VSSDFNSDTHSSTFDAGAGIALNDHFVKL,FDAGAGIAL
WYDNEFGYSNRVVDLM,EFGYSNRVV
WYDNEFGYSNRVVDLMAHMASKE,VVDLMAHMA
WYDNEFGYSNRVVDLMAH,EFGYSNRVV
TGVFTTMEKAGAHLQ,FTTMEKAGA
VIPELNGKLTGMAFR,LNGKLTGMA
YDNEFGYSNRVVDLMAH,EFGYSNRVV
SWYDNEFGYSNRVVDL,EFGYSNRVV
VSSDFNSDTHSSTFDAGAGIALNDHF,FDAGAGIAL
TGVFTTMEKAGAHLQG,FTTMEKAGA
YDNEFGYSNRVVDLM,EFGYSNRVV
EGPLKGILGYTEHQVVSS,ILGYTEHQV
KYPIEHGIITNWDDMEKI,ITNWDDMEK
KYPIEHGIITNWDDMEKIWHHTFYN,ITNWDDMEK
KYPIEHGIITNWDDMEKIW,ITNWDDMEK
AIRNDEELNKLLGKVTIAQGGVLPNIQAVL,VTIAQGGVL
RNDEELNKLLGKVTIA,LNKLLGKVT
LLGKVTIAQGGVLPNIQAVL,VTIAQGGVL
KLLGKVTIAQGGVLPNIQAVL,VTIAQGGVL
DEELNKLLGKVTIAQGGVLPNIQAVL,VTIAQGGVL
RNDEELNKLLGKVT,LNKLLGKVT
IRNDEELNKLLGKVTIAQGGVLPNIQAVL,VTIAQGGVL
DEELNKLLGKVTIA,LNKLLGKVT
RNDEELNKLLG,DEELNKLLG
RTLLIKTVETRDGQVINETSQHHDDLE,VINETSQHH
RKVESLQEEIAFLKKL,LQEEIAFLK
RTLLIKTVETRDGQVINETSQH,VETRDGQVI
QEEIAFLKKLH,EIAFLKKLH
SVPGVRLLQDSVDF,VRLLQDSVD
QDSVDFSLADAINTE,VDFSLADAI
TLLIKTVETRDGQVINETSQHHDDLE,VINETSQHH
DGQVINETSQHHDDLE,VINETSQHH
DMPYEYLRPSVVENSVAI,YEYLRPSVV
YEYLRPSVVENSVAI,LRPSVVENS
RNAKLDMPYEYLRPSVVENSVAI,YEYLRPSVV
REELAALDKEIEIRN,LAALDKEIE
AKLDMPYEYLRPSVVENSVAI,YEYLRPSVV
DKRVDFEVSLA,RVDFEVSLA
RLLLPGELAKHAVSEGTKAVTKY,LAKHAVSEG
RLLLPGELAKHAVSEGTKA,LAKHAVSEG
VNDIFERIAGEASR,FERIAGEAS
LLLPGELAKHAVSEGTKA,LAKHAVSEG
LLPGELAKHAVSEGTKAVTKYT,LAKHAVSEG
KESYSVYVYKVLKQ,VYVYKVLKQ
RLLLPGELAKHAVSEGTKAVTKYT,LAKHAVSEG
LLPGELAKHAVSEGTKAVTKYTSSK,LAKHAVSEG
RLLLPGELAKHAV,LLPGELAKH
LLPGELAKHAVSEGTKAVTKY,LAKHAVSEG
LLPGELAKHAVSEGTKAVTKYTSAK,LAKHAVSEG
DPPMEAAGFTAQVII,AAGFTAQVI
VNVTTEVKSVEMHHEALS,VKSVEMHHE
VTFAPVNVTTEVKSVEMHHEALS,VKSVEMHHE
TFAPVNVTTEVKSVEMHHEAL,VKSVEMHHE
AGFTAQVIILNHPGQISA,ILNHPGQIS
VTFAPVNVTTEVKSVEMHHEAL,VKSVEMHHE
FAPVNVTTEVKS,VNVTTEVKS
FSETGAGKHVPRAVFVDLEPTV,PRAVFVDLE
VFVDLEPTVIDEVRTGTYR,IDEVRTGTY
FVDLEPTVIDEVRTGTYR,IDEVRTGTY
VDLEPTVIDEVRTGTYR,IDEVRTGTY
WYVGEGMEEGEFSEAREDMA,MEEGEFSEA
MAALEKDYEEVGVDSVEGEGEEEGEEY,VDSVEGEGE
FDLDYDFQRDYYDRM,YDFQRDYYD
YDFQRDYYDRMYS,QRDYYDRMY
DYDFQRDYYDRMYS,QRDYYDRMY
RNDEELNKLLGRVTIA,LNKLLGRVT
HLIAREAEAAIYHL,IAREAEAAI
FLENVIRDAVTYT,LENVIRDAV
KTVTAMDVVYALKR,VTAMDVVYA
IYEETRGVLKVFL,TRGVLKVFL
YEETRGVLKVFL,TRGVLKVFL
LAEKLGGSAVISLEGKPL,VISLEGKPL
SDVGEFRAVTELGRPDAE,FRAVTELGR
DSDVGEFRAVTELGRPDAE,FRAVTELGR
SDVGEFRAVTELGRPDA,FRAVTELGR
FLDRYFYNQEESVRFDSD,YNQEESVRF
FDSDVGEFRAVTELGRPDA,FRAVTELGR
TFQTLVMLETVPRSGE,LVMLETVPR
TFQTLVMLETVPRSGEVY,LVMLETVPR
TFQTLVMLETVPRSGEV,LVMLETVPR
IDLKFIDTTSKFGHGR,FIDTTSKFG
DPLDRAMAELAA,LDRAMAELA
KYDHNFVKAINAIQKSW,FVKAINAIQ
FEVYDDFLHYKKGIYHHTGL,FLHYKKGIY
KILHLPTSWDW,ILHLPTSWD
VDPFSKKDWYDVK,FSKKDWYDV
VDPFSKKDWYDVKA,FSKKDWYDV
AFLIEEQKIVVKV,LIEEQKIVV
EHVIIQAEFYLNPDQSG,VIIQAEFYL
EHVIIQAEFYLNPDQS,VIIQAEFYL
RLEEFGRFASFEAQGA,FGRFASFEA
LEEFGRFASFE,LEEFGRFAS
KETVWRLEEFG,ETVWRLEEF
WRLEEFGRFASFEAQGA,FGRFASFEA
QTKGTFQWTIEEEVRF,FQWTIEEEV
YFNSQSSPGTSDMKDLVGNIEQNEHSV,MKDLVGNIE
NSEHTFLWTDGRGVHYTN,FLWTDGRGV
RQEKNIMLYKGSGLWSR,IMLYKGSGL
TLYFNSQSSPGTSDMKDLVGNIEQNEHSV,MKDLVGNIE
MVVSEVDIAKADPAAASHPLLLN,VDIAKADPA
NDLSVWDYAHQHGIPDET,VWDYAHQHG
LSVWDYAHQHGIPDE,VWDYAHQHG
LSVWDYAHQHGIPDET,VWDYAHQHG
DLSVWDYAHQHGIPDET,VWDYAHQHG
GNDLSVWDYAHQHGIPDET,VWDYAHQHG
GNDLSVWDYAHQHGIPDE,VWDYAHQHG
GGNDLSVWDYAHQHGIPDET,VWDYAHQHG
NGPVGVFEWEAFARGTKA,VFEWEAFAR
EGKVLPGVDALSNI,VLPGVDALS
YRGVGDDQLGEESEERDDHLLPM,QLGEESEER
AAYRGVGDDQLGEESEERDDHLLPM,YRGVGDDQL
AYRGVGDDQLGEESEERDDHLLPM,QLGEESEER
KHLEINPDHPIVETLRQ,LEINPDHPI
VELQKEEAQKLLEQYK,LQKEEAQKL
KEELLKQLDDLKV,LKQLDDLKV
SDALDKIRLIS,DALDKIRLI
WSPALTIENEHIRATFDP,LTIENEHIR
DEMFYVDLDKKETVWHL,FYVDLDKKE
EDEMFYVDLDKKETVWHL,FYVDLDKKE
EMFYVDLDKKETVWHL,YVDLDKKET
MFYVDLDKKETVWHL,VDLDKKETV
DEDEMFYVDLDKKETVWHL,EMFYVDLDK
FYVDLDKKETVWHLEE,LDKKETVWH
INQQWKPIEELQNVQRVTK,IEELQNVQR
ITINQQWKPIEELQNVQR,WKPIEELQN
INEVVTREYTINIHK,VTREYTINI
RIINEPTAAAIAYGLDKKV,TAAAIAYGL
RTTPSYVAFTDTERLIGD,YVAFTDTER
KAPIRPDIVNFVHTNLR,IVNFVHTNL
LTSDDVKEQIYKLAK,DVKEQIYKL
TDHGSTGILVFPNEDLHVKD,ILVFPNEDL
TDHGSTGILVFPNEDLHVKDL,ILVFPNEDL
FTDHGSTGILVFPNEDLHVKDL,ILVFPNEDL
TSLRAPLDIPIPDP,LRAPLDIPI
AEPAVYFKEQFLDG,AVYFKEQFL
EDPQTFYYAVAVVKKDSGF,QTFYYAVAV
KENDRIFVSVTNEHLIDM,FVSVTNEHL
ENDRIFVSVTNEHLI,FVSVTNEHL
QMVQYIYKYTSYPDPIL,IYKYTSYPD
ALNEDLRSWTAADTAAQITQ,LRSWTAADT
YSLLMHPDALEEPDDQNRI,LLMHPDALE
ESDSIQWFHNGNLIPTH,IQWFHNGNL
HSPESDSIQWFHNGNLIPTH,IQWFHNGNL
DKTELVEPTEYLVVHL,VEPTEYLVV
RKQDATSTIISITNNVIGQ,IISITNNVI
RKQDATSTIISITNNVIGQGL,IISITNNVI
KLPRNFVVDYYETSSLC,VDYYETSSL
KLPRNFVVDYYETSSL,VDYYETSSL
KLPRNFVVDYYETSS,VVDYYETSS
LDDILKYHTEIVFARTSPQQ,ILKYHTEIV
QNADPLKVYPPLKGSFPENLRHL,LKVYPPLKG
ATTAYFLYQQQGRLDK,YFLYQQQGR
DAPPKESLELEDPSSGLGVTKQDLGPVPM,LGVTKQDLG
LDLRDDKDTIEKLK,LRDDKDTIE
DSDVGEFRAVTELGRPAA,FRAVTELGR
SDVGEFRAVTELGRPAA,FRAVTELGR
GYVDDTQFVRFDSDAASQRMEPRA,FVRFDSDAA
LNEDLRSWTAADMAAQITK,LRSWTAADM
IDKYTEVLKTHGLLV,VLKTHGLLV
YTEVLKTHGLLV,VLKTHGLLV
KTDVKIQWYKDSLLLDKD,IQWYKDSLL
TDVKIQWYKDSLLLDKD,IQWYKDSLL
KHQNTFLHDSFQNVAAVC,FLHDSFQNV
DPPYKLVPVHLDSIL,YKLVPVHLD
QGMDEELERDEKVFLL,LERDEKVFL
FLDGIYVSEKGTVQQADE,IYVSEKGTV
KGLDVDSLVIEHIQVNKAPKMR,IEHIQVNKA
FEVILIDPFHKA,VILIDPFHK
MVNEYKKILLLK,VNEYKKILL
ELPMNEIEAWKAAEKKA,IEAWKAAEK
ELPMNEIEAWKAAEKKAR,IEAWKAAEK
NSESGPRGVHFIFN,PRGVHFIFN
NGIRVAPVPLYNSFHD,IRVAPVPLY
AHTIKPALVGWF,IKPALVGWF
TTAFQYIIDNKGIDSDAS,FQYIIDNKG
MTTAFQYIIDNKGIDSDA,FQYIIDNKG
TAEFKEAFQLF,AEFKEAFQL
GAEIRHVLVTLG,IRHVLVTLG
RIYDEILQSKVLPSKEEPVN,ILQSKVLPS
QKKEIHLYQTFVVQL,IHLYQTFVV
QLQKKEIHLYQTFVVQL,IHLYQTFVV
STQDTVVALHALSRYGA,VVALHALSR
TQDTVVALHALSRYGA,VVALHALSR
VGPGAPADVQYDLYLNVANRR,YDLYLNVAN
DPPQYPVVPVHLDRII,VVPVHLDRI
FHPSDIEVDLLKNGERIEKV,VDLLKNGER
DADKERLAILGIHNEV,LAILGIHNE
VEVIHKLLDGWW,IHKLLDGWW
GKYVPAIAHLIHS,YVPAIAHLI
GKYVPAIAHLIHSL,YVPAIAHLI
DTIHPLDEEAFLKVSPEL,LDEEAFLKV
LTNGIYPHKLVF,NGIYPHKLV
TNGIYPHKLVF,NGIYPHKLV
NLPDKTLQFVKDHPLMDDS,LQFVKDHPL
EGPHVLLYFDSVPTSREC,LLYFDSVPT
IVLDALEQQEEGINRLT,LEQQEEGIN
WDVYKVIYYKDGEALKY,VIYYKDGEA
KFQDGDLTLYQSNTILRHL,LTLYQSNTI
LQPPHEYVPWVTVNGKPLE,YVPWVTVNG
TEEIDLRSVGWG,IDLRSVGWG
YYDYYGYDYHNYR,YYGYDYHNY
GAYVHMVTHFI,YVHMVTHFI
VRDRDLEVDTTLKSLSQQ,LEVDTTLKS
EDVISSIRNFL,VISSIRNFL
QKESTLHLVLR,KESTLHLVL
NAFGDMTSEEFRQVMNGF,MTSEEFRQV
KVVLPSYEEALSLPSKTPEG,YEEALSLPS
SKESEVFYELA,KESEVFYEL
IEVQGRLLHFA,VQGRLLHFA
CGEFIIGRVIK,GEFIIGRVI
CHPHALLVYPTLPEALQRQ,LLVYPTLPE
NEITESGRIGFG,ITESGRIGF
YDGSHRYVILKSEPVHPFGL,YVILKSEPV
REDGRLVIEFK,EDGRLVIEF
GILSMVFYTDSAIAKE,MVFYTDSAI
