Core,_merge
LTEAPLNPK,left_only
LRVAPEEHP,left_only
PEEHPVLLT,left_only
PVLLTEAPL,left_only
LNPKANREK,left_only
TKAVTKYTS,left_only
EGTKAVTKY,left_only
VSEGTKAVT,left_only
ITSREIQTA,left_only
REIQTAVRL,left_only
GELAKHAVS,left_only
SREIQTAVR,left_only
TAAAIAYGL,left_only
INPDEAVAY,left_only
AKLDKSQIH,left_only
VSDTVVEPY,left_only
DLDFKSPDD,left_only
FAIQPNTTG,left_only
AEVIAQARK,left_only
LKEFEGKTL,left_only
LEVDTTLKS,left_only
LQPWHSFGA,left_only
YKADTVAKV,left_only
IAYGLDKRE,left_only
FINDEGDTF,left_only
