Ph_seq;Core
ALMNKIREEYPDRIMNSFSVMPSPKVSDTVVEPYNAVLSIHQLIEA;REEYPDRIM
AHYNKRSTITSREIQTAVRLLLPGELAKHAVSEGTKAVTKYTSSKA;LAKHAVSEG
AHYNKRSTITSREIQTAVRLLLPGELAKHAVSEGTKAVTKYTSAKA;LAKHAVSEG
AHYNKRSTITSREIQTAVRLLLPGELAKHAVSEGTKAVTKYTSSKA;VRLLLPGEL
AHYNKRSTITSREIQTAVRLLLPGELAKHAVSEGTKAVTKYTSAKA;VRLLLPGEL
AHYNKRSTITSREIQTAVRLLLPGELAKHAVSEGTKAVTKYTSSKA;ITSREIQTA
AHYNKRSTITSREIQTAVRLLLPGELAKHAVSEGTKAVTKYTSAKA;ITSREIQTA
AHYNKRSTITSREIQTAVRLLLPGELAKHAVSEGTKAVTKYTSSKA;LLPGELAKH
AHYNKRSTITSREIQTAVRLLLPGELAKHAVSEGTKAVTKYTSAKA;LLPGELAKH
ARQATKDAGTIAGLNVMRIINEPTAAAIAYGLDKREGEKNILVFDA;TAAAIAYGL
AYKGEWKPRQIDNPDYKGTWIHPEIDNPEYSPDPSIYAYDNFGVLA;IHPEIDNPE
AVARSMGGKEDLIWELLNQAQEHFGKDKSKEFQLFSSPHGKYLLFA;FQLFSSPHG