Core,Peptide
PVLLTEAPL,ELRVAPEEHPVLLTEAPLNPKA
VLLTEAPLN,FYNELRVAPEEHPVLLTEAPLNPKA
VLLTEAPLN,YNELRVAPEEHPVLLTEAPLNPKANREKM
VLLTEAPLN,YNELRVAPEEHPVLLTEAPLNPKANREKMT
LNPKANREK,RVAPEEHPVLLTEAPLNPKANREKMTQIM
REEYPDRIM,IREEYPDRIMNTFS
VRLLLPGEL,REIQTAVRLLLPGELAKHA
VRLLLPGEL,REIQTAVRLLLPGELAKHA
VRLLLPGEL,REIQTAVRLLLPGELAKHA
VRLLLPGEL,REIQTAVRLLLPGELAKHA
VRLLLPGEL,QTAVRLLLPGELAK
VRLLLPGEL,QTAVRLLLPGELAK
VRLLLPGEL,QTAVRLLLPGELAK
VRLLLPGEL,QTAVRLLLPGELAK
LRDAKLDKS,LDPVEKALRDAKLDKSQIHDI
LEVDTTLKS,VRDRDLEVDTTLKSLSQQ
