Core,_merge,Peptide
LTEAPLNPK,left_only,LTEAPLNPKANR
PVLLTEAPL,left_only,RVAPEEHPVLLTEAPLNPKA
LNPKANREK,left_only,LTEAPLNPKANREKMTQIM
GELAKHAVS,left_only,LLPGELAKHAVSE
SREIQTAVR,left_only,TSREIQTAVR
INPDEAVAY,left_only,NKSINPDEAVAYGAAV
AKLDKSQIH,left_only,RDAKLDKSQIH
VSDTVVEPY,left_only,PSPKVSDTVVEPYN
VSDTVVEPY,left_only,VVPSPKVSDTVVEPYN
VSDTVVEPY,left_only,VSDTVVEPYN
VSDTVVEPY,left_only,VMPSPKVSDTVVEPYN
DLDFKSPDD,left_only,GKYDLDFKSPDDPSR
DLDFKSPDD,left_only,GKYDLDFKSPDDPSRY
DLDFKSPDD,left_only,RSGKYDLDFKSPDDPSR
AEVIAQARK,left_only,KSSAEVIAQARK
LKEFEGKTL,left_only,LKEFEGKTLVS
LEVDTTLKS,left_only,VRDRDLEVDTTLKSLSQQ
LEVDTTLKS,left_only,VRDRDLEVDTTLKSLSQQI
YKADTVAKV,left_only,LSASYKADTVAKVQGV
IAYGLDKRE,left_only,AAAIAYGLDKREGEKNI
FINDEGDTF,left_only,LNFINDEGDTFPLRT
