n;Name ;Seq;15 core Seq;Phage or NetMHC
1;ninein centrosomal protein or Ninein;FNLKEELERCKVQSSTLVSSLEAELSEVKIQTHIVQQENHLLKD; KIQTHIVQQENHLLK;Phage in vitro
2;estrogen receptor protein ;LKIPLERPLGEVYLDSSKPAVYNYPEGAAYEFNAAAAANAQVYG;KPAVYNYPEGAAYEF;Phage in vitro
3;Chain A, Apolipoprotein(a) or lipoprotein(a);TVTGRTCQAWSSMTPHSHSRTPEYYPNAGLIMNYCRNPDAVAAP;SRTPEYYPNAGLIMN;Phage in vitro
4;insulin receptor isoform X1 ;KDDLHPSFPEVSFFHSEENKAPESEELEMEFEDMENVPLDRSSH;SFPEVSFFHSEENKA;Phage in vitro
5;fibronectin [Homo sapiens];KSEPLIGRKKTDELPQLVTLPHPNLHGPEILDVPSTVQKTPFVT; ELPQLVTLPHPNLHG;Phage
6;MAP2;RVDHGAEIITQSPGRSSVASPRRLSNVSSSGSINLLESPQLATL;SSGSINLLESPQLAT;Phage
7;phospholipid-transporting ATPase ABCA1 isoform X2 [Homo sapiens. ATP-binding cassette, sub-family A (ABC1), member 1 [Homo sapiens;HESDTLTIDVSAISNLIRKHVSEARLVEDIGHELTYVLPYEAAK; TIDVSAISNLIRKHV ;Phage
8;Chain C, Human Pcna [Homo sapiens. Chain A, Proliferating cell nuclear antigen [Homo sapiens;TTPLSSTVTLSMSADVPLVVEYKIADMGHLKYYLAPKIEDEEGS; MGHLKYYLAPKIEDE ;Phage
9;ninein;YKEHLNSMVVERQQLLQDLEDLRNVSETQQSLLSDQILELKSSH;YKEHLNSMVVERQQL;Phage
10;tyrosine-protein kinase Lyn isoform B [Homo sapiens];LNTLETEEWFFKDITRKDAERQLLAPGNSAGAFLIRESETLKGS;AGAFLIRESETLKGS;Phage
11;MHC heat shock protein HSP70-2 [Homo sapiens];KSINPDEAVAYGAAVQAAILMGDKSENVQDLLLLDVAPLSLGLE; VQDLLLLDVAPLSLG ;Phage
12;apolipoprotein B-48 [Homo sapiens];WKLKTQFNNNEYSQDLDAYNTKDKIGVELTGRTLADLTLLDSPI; SQDLDAYNTKDKIGV ;Phage
13;phosphoglycerate kinase 1, isoform CRA_b [Homo sapiens;KDVLFLKDCVGPEVEKACANPAAGSVILLENLRFHVEEEGKGKD;AGSVILLENLRFHVE ;Phage
14;apolipoprotein a [Homo sapiens];TDPSVRWEYCNLTRCSDAEWTAFVPPNVILAPSLEAFFEQALTE; VPPNVILAPSLEAFF;Phage
15;beta-2-glycoprotein 1 precursor [Homo sapiens];FGNDTITCTTHGNWTKLPECREVKCPFPSRPDNGFVNYPAKPTL;RPDNGFVNYPAKPTL;Phage
16;low density lipoprotein receptor precursor variant, partial;EKKPSSVRALSIVLPIVLLVFLCLGVFLLWKNWRLKNINSINFD; LGVFLLWKNWRLKNI;NetMHC
17;Mannose-binding lectin (protein C) 2, soluble (opsonic defect);KGQKGDPGKSPDGDSSLAASERKALQTEMARIKKWLTFSLGKQV;MARIKKWLTFSLGKQ;NetMHC
18;plasma protease (C1) inhibitor precursor ;;FSLKLYHAFSAMKKV;NetMHC bg HLAligand+
19;insulin receptor, isoform CRA_c;PNTSSTSVPTSPEEHRPFEKVVNKESLVISGLRHFTGYRIELQA; VISGLRHFTGYRIEL;NetMHC
20;protein translation initiation factor 2C2, partial;VQQHRQEIIQDLAAMVRELLIQFYKSTRFKPTRIIFYRDGVSEG;LLIQFYKSTRFKPTR;NetMHC
21;POS CONTROL - FLU B;;GKTGTIVYQRGVLLPQK;
